Kopierer;055d8110b494012d88c338ac6f7d89ab
Telefonanlagen;05673aa0b494012d88c438ac6f7d89ab
Kassensysteme;056bcbf0b494012d88c538ac6f7d89ab
Plotter;0570ada0b494012d88c638ac6f7d89ab
Computer;0575d1d0b494012d88c738ac6f7d89ab
Projektoren;057aaf50b494012d88c838ac6f7d89ab
Videoproduktion;057f8e70b494012d88c938ac6f7d89ab
Factoring;05881640b494012d88ca38ac6f7d89ab
Tresore;058cf070b494012d88cb38ac6f7d89ab
Wärmepumpe;059231c0b494012d88cc38ac6f7d89ab
Inkasso;0597e740b494012d88cd38ac6f7d89ab
Markthütten;059cc7c0b494012d88ce38ac6f7d89ab
Gabelstapler;05a29320b494012d88cf38ac6f7d89ab
Solaranlagen;05a85be0b494012d88d038ac6f7d89ab
Laserdrucker;05aceeb0b494012d88d138ac6f7d89ab
Multifunktionsgeräte;05b488e0b494012d88d238ac6f7d89ab
Schneideplotter;05bf2fb0b494012d88d438ac6f7d89ab
Webdesigner;05c4a930b494012d88d538ac6f7d89ab
Catering;05d47b00b494012d88d838ac6f7d89ab
Call Center;05d9a480b494012d88d938ac6f7d89ab
Kaffeevollautomaten;05e14380b494012d88da38ac6f7d89ab
Grafikdesign;05e66a80b494012d88db38ac6f7d89ab
Printmedien;05eb9960b494012d88dc38ac6f7d89ab
Wärmebildkamera;05f0c270b494012d88dd38ac6f7d89ab
Messehostessen;05f76980b494012d88de38ac6f7d89ab
Webshop;05fceae0b494012d88df38ac6f7d89ab
Eventagentur;06057400b494012d88e038ac6f7d89ab
Veranstaltungstechnik;0609b1b0b494012d88e138ac6f7d89ab
Eventlocation;060e9180b494012d88e238ac6f7d89ab
Unterhaltungskünstler;0612d3a0b494012d88e338ac6f7d89ab
Bürocontainer;06180850b494012d88e438ac6f7d89ab
Provider Vermittlung;061ce450b494012d88e538ac6f7d89ab
Büromöbel;06220af0b494012d88e638ac6f7d89ab
Job;0626a1a0b494012d88e738ac6f7d89ab
Werbeagenturen;062bcbb0b494012d88e838ac6f7d89ab
Frankiermaschinen;06319510b494012d88e938ac6f7d89ab
Messestand;063671d0b494012d88ea38ac6f7d89ab
Werbeartikel;063d6a90b494012d88eb38ac6f7d89ab
PR Agenturen;06424a70b494012d88ec38ac6f7d89ab
Hausbau;064726d0b494012d88ed38ac6f7d89ab
Warenautomaten;064c5ad0b494012d88ee38ac6f7d89ab
Getränkeautomaten;065182b0b494012d88ef38ac6f7d89ab
Lohnabrechnung;0656b220b494012d88f038ac6f7d89ab
Finanzbuchhaltung;065dad00b494012d88f138ac6f7d89ab
Treppenlift;0662db90b494012d88f238ac6f7d89ab
Archivierung;066804f0b494012d88f338ac6f7d89ab
Warenkreditversicherung;066d3280b494012d88f438ac6f7d89ab
Sale and lease back;06726480b494012d88f538ac6f7d89ab
Überwachungskamera;06773c70b494012d88f638ac6f7d89ab
Einkaufsfinanzierung;067cb620b494012d88f738ac6f7d89ab
Steuerberater;068192c0b494012d88f838ac6f7d89ab
Kuvertiermaschinen;068979d0b494012d88f938ac6f7d89ab
Alarmanlagen;068fd450b494012d88fa38ac6f7d89ab
Farbetikettendrucker;069ae2f0b494012d88fc38ac6f7d89ab
Unternehmensberatung;069fbd10b494012d88fd38ac6f7d89ab
Notar;06a53a10b494012d88fe38ac6f7d89ab
Netzwerktechniker;06aa18b0b494012d88ff38ac6f7d89ab
Wirtschaftsprüfer;06aef670b494012d890038ac6f7d89ab
Fuhrparkmanagement;06b68340b494012d890138ac6f7d89ab
Call Center Software;06bb6260b494012d890238ac6f7d89ab
CNC Fräsmaschine;06c00010b494012d890338ac6f7d89ab
Hochzeitsplaner;06c4de30b494012d890438ac6f7d89ab
Firmenwagen;06c9bc30b494012d890538ac6f7d89ab
Umzug;06cedb70b494012d890638ac6f7d89ab
Rechtsanwalt;06d37e60b494012d890738ac6f7d89ab
Holzheizung;06d8f690b494012d890838ac6f7d89ab
Augen lasern;06e0df70b494012d890938ac6f7d89ab
Sicherheitstechnik;06e5f9b0b494012d890a38ac6f7d89ab
Wirtschaftsauskunft;06ea98f0b494012d890b38ac6f7d89ab
Blockheizkraftwerk;06efb360b494012d890c38ac6f7d89ab
Gasheizung;06f4d810b494012d890d38ac6f7d89ab
Zeiterfassung;06fc84f0b494012d890e38ac6f7d89ab
Privatdetektiv;0701f880b494012d890f38ac6f7d89ab
Existenzgründerpaket;0706d5a0b494012d891038ac6f7d89ab
Pelletheizung;070e23b0b494012d891138ac6f7d89ab
Forderungsausfallversicherung;071300b0b494012d891238ac6f7d89ab
Kautionsversicherung ;07187bb0b494012d891338ac6f7d89ab
Falzmaschine;071ef210b494012d891438ac6f7d89ab
Elektromobil;07237210b494012d891538ac6f7d89ab
Suchmaschinenoptimierung;072a4f20b494012d891638ac6f7d89ab
Email Marketing;0731c9b0b494012d891738ac6f7d89ab
Badewannenlift;0736aa70b494012d891838ac6f7d89ab
Personenaufzug;073b8600b494012d891938ac6f7d89ab
Treppensteiger;0740a1f0b494012d891a38ac6f7d89ab
Deckenlift;074541a0b494012d891b38ac6f7d89ab
Elektro Fahrrad;074a5f10b494012d891c38ac6f7d89ab
Pflegebett;074f0210b494012d891d38ac6f7d89ab
Sauerstoffgerät;07541e20b494012d891e38ac6f7d89ab
Zutrittskontrolle;07586100b494012d891f38ac6f7d89ab
Betriebsdatenerfassung;075fae10b494012d892038ac6f7d89ab
Paketdienst;07644b80b494012d892138ac6f7d89ab
Kurierdienst;07696630b494012d892238ac6f7d89ab
Kamin;076ea2b0b494012d892338ac6f7d89ab
Sauna;0773c0d0b494012d892438ac6f7d89ab
Klimaanlage;07789b20b494012d892538ac6f7d89ab
Ladenbau;077dd5f0b494012d892638ac6f7d89ab
Brieföffner;0782f8e0b494012d892738ac6f7d89ab
Wasserspender;07886e20b494012d892838ac6f7d89ab
Telefonkonferenz;078cb110b494012d892938ac6f7d89ab
Videokonferenz;079538d0b494012d892a38ac6f7d89ab
IT Outsourcing;079a1600b494012d892b38ac6f7d89ab
Betriebliche Altersvorsorge;079f5130b494012d892c38ac6f7d89ab
Online Marketing;07a4cca0b494012d892d38ac6f7d89ab
Verkaufstraining;07aa4600b494012d892e38ac6f7d89ab
Management Training;07afc470b494012d892f38ac6f7d89ab
Carport;07b49ac0b494012d893038ac6f7d89ab
Architekt;07b97a10b494012d893138ac6f7d89ab
Dachdecker;07c37720b494012d893238ac6f7d89ab
Krankenfahrstuhl;07c85cc0b494012d893338ac6f7d89ab
Solarthermie;07ce7500b494012d893438ac6f7d89ab
Windrad;07d48ab0b494012d893538ac6f7d89ab
Innenarchitekt;07d9b970b494012d893638ac6f7d89ab
Schreiner & Tischler;07de9b30b494012d893738ac6f7d89ab
Zimmermann;07e3c060b494012d893838ac6f7d89ab
Installateur;07e8f040b494012d893938ac6f7d89ab
Garten und Landschaftsbau;07f03be0b494012d893a38ac6f7d89ab
Hallenbau;07fda2d0b494012d893b38ac6f7d89ab
Maler;081161f0b494012d893c38ac6f7d89ab
Badsanierung;0816db30b494012d893d38ac6f7d89ab
Elektroheizung;081c57d0b494012d893e38ac6f7d89ab
Ölheizung;08221fe0b494012d893f38ac6f7d89ab
Treppenlift Hersteller;08274b30b494012d894038ac6f7d89ab
Hackschnitzelheizung;082f39b0b494012d894138ac6f7d89ab
Stückholzheizung;083466a0b494012d894238ac6f7d89ab
Luftwärmepumpe;08394140b494012d894338ac6f7d89ab
Wasserwärmepumpe;083e6c90b494012d894438ac6f7d89ab
Erdwärmepumpe;08439cd0b494012d894538ac6f7d89ab
Übersetzungsbüro;0848c220b494012d894638ac6f7d89ab
Dachsanierung;084e9200b494012d894738ac6f7d89ab
Terrassenüberdachung;085ed0a0b494012d894838ac6f7d89ab
Pflasterarbeiten;08672e60b494012d894938ac6f7d89ab
Gewächshaus;086ca640b494012d894a38ac6f7d89ab
Swimmingpool;0870e9f0b494012d894b38ac6f7d89ab
Wintergarten;087663d0b494012d894c38ac6f7d89ab
Fenster;087e4dc0b494012d894d38ac6f7d89ab
Türen;0883c870b494012d894e38ac6f7d89ab
Balkon;08885950b494012d894f38ac6f7d89ab
Berufsbekleidung;088dd3f0b494012d895038ac6f7d89ab
Garage;0892afe0b494012d895138ac6f7d89ab
Treppen;0897daa0b494012d895238ac6f7d89ab
Schmutzfangmatte;08a0b010b494012d895338ac6f7d89ab
Markise;08a677f0b494012d895438ac6f7d89ab
Schwimmbadüberdachung;08ac8ca0b494012d895538ac6f7d89ab
Traktoren;08dc02c0b494012d895638ac6f7d89ab
Haustüren;08e12ca0b494012d895738ac6f7d89ab
Rollstuhl;984b05d0b99d012d480638ac6f7d89ab
Fußbodenheizung;80154190e373012d625c38ac6f7d89ab
Inbound Call Center;3167a860e9d1012d6df038ac6f7d89ab
Outbound Call Center;98f006f0e9d1012d6df438ac6f7d89ab
Fernstudium;1949e6101019012e84f938ac6f7d89ab
MBA;b30533f01019012e856c38ac6f7d89ab
CRM Software;59d55cb0101a012e85de38ac6f7d89ab
Zaun;a8c8e2403cd3012edeae3c305bd0ed65
Küche;5570f8204184012ee7503c305bd0ed65
Fahrzeugortung;0a924d50418b012ee76c3c305bd0ed65
Solarspeicher;a5bb59b09694012f5cfa38ac6f902c19
